name,long_id,stat_total,hp,attack,defense,sp_attack,sp_defense,speed,type1,type2,gen,is_legendary,height_m,weight_kg
Bulbasaur,001,318,45,49,49,65,65,45,grass,poison,1,0,0.7,6.9
Ivysaur,002,405,60,62,63,80,80,60,grass,poison,1,0,1.0,13.0
Venusaur,003,525,80,82,83,100,100,80,grass,poison,1,0,2.0,100.0
Charmander,004,309,39,52,43,60,50,65,fire,,1,0,0.6,8.5
Charmeleon,005,405,58,64,58,80,65,80,fire,,1,0,1.1,19.0
Charizard,006,534,78,84,78,109,85,100,fire,flying,1,0,1.7,90.5
Squirtle,007,314,44,48,65,50,64,43,water,,1,0,0.5,9.0
Wartortle,008,405,59,63,80,65,80,58,water,,1,0,1.0,22.5
Blastoise,009,530,79,83,100,85,105,78,water,,1,0,1.6,85.5
Caterpie,010,195,45,30,35,20,20,45,bug,,1,0,0.3,2.9
Metapod,011,205,50,20,55,25,25,30,bug,,1,0,0.7,9.9
Butterfree,012,395,60,45,50,90,80,70,bug,flying,1,0,1.1,32.0
Weedle,013,195,40,35,30,20,20,50,bug,poison,1,0,0.3,3.2
Kakuna,014,205,45,25,50,25,25,35,bug,poison,1,0,0.6,10.0
Beedrill,015,395,65,90,40,45,80,75,bug,poison,1,0,1.0,29.5
Pidgey,016,251,40,45,40,35,35,56,normal,flying,1,0,0.3,1.8
Pidgeotto,017,349,63,60,55,50,50,71,normal,flying,1,0,1.1,30.0
Pidgeot,018,479,83,80,75,70,70,101,normal,flying,1,0,1.5,39.5
Rattata,019,253,30,56,35,25,35,72,normal,dark,1,0,,
Raticate,020,413,55,81,60,50,70,97,normal,dark,1,0,,
Spearow,021,262,40,60,30,31,31,70,normal,flying,1,0,0.3,2.0
Fearow,022,442,65,90,65,61,61,100,normal,flying,1,0,1.2,38.0
Ekans,023,288,35,60,44,40,54,55,poison,,1,0,2.0,6.9
Arbok,024,448,60,95,69,65,79,80,poison,,1,0,3.5,65.0
Pikachu,025,320,35,55,40,50,50,90,electric,,1,0,0.4,6.0
Raichu,026,485,60,90,55,90,80,110,electric,electric,1,0,,
Sandshrew,027,300,50,75,85,20,30,40,ground,ice,1,0,,
Sandslash,028,450,75,100,110,45,55,65,ground,ice,1,0,,
Nidoran♀,029,275,55,47,52,40,40,41,poison,,1,0,0.4,7.0
Nidorina,030,365,70,62,67,55,55,56,poison,,1,0,0.8,20.0
Nidoqueen,031,505,90,92,87,75,85,76,poison,ground,1,0,1.3,60.0
Nidoran♂,032,273,46,57,40,40,40,50,poison,,1,0,0.5,9.0
Nidorino,033,365,61,72,57,55,55,65,poison,,1,0,0.9,19.5
Nidoking,034,505,81,102,77,85,75,85,poison,ground,1,0,1.4,62.0
Clefairy,035,323,70,45,48,60,65,35,fairy,,1,0,0.6,7.5
Clefable,036,483,95,70,73,95,90,60,fairy,,1,0,1.3,40.0
Vulpix,037,299,38,41,40,50,65,65,fire,ice,1,0,,
Ninetales,038,505,73,76,75,81,100,100,fire,ice,1,0,,
Jigglypuff,039,270,115,45,20,45,25,20,normal,fairy,1,0,0.5,5.5
Wigglytuff,040,435,140,70,45,85,50,45,normal,fairy,1,0,1.0,12.0
Zubat,041,245,40,45,35,30,40,55,poison,flying,1,0,0.8,7.5
Golbat,042,455,75,80,70,65,75,90,poison,flying,1,0,1.6,55.0
Oddish,043,320,45,50,55,75,65,30,grass,poison,1,0,0.5,5.4
Gloom,044,395,60,65,70,85,75,40,grass,poison,1,0,0.8,8.6
Vileplume,045,490,75,80,85,110,90,50,grass,poison,1,0,1.2,18.6
Paras,046,285,35,70,55,45,55,25,bug,grass,1,0,0.3,5.4
Parasect,047,405,60,95,80,60,80,30,bug,grass,1,0,1.0,29.5
Venonat,048,305,60,55,50,40,55,45,bug,poison,1,0,1.0,30.0
Venomoth,049,450,70,65,60,90,75,90,bug,poison,1,0,1.5,12.5
Diglett,050,265,10,55,25,35,45,95,ground,ground,1,0,,
Dugtrio,051,425,35,100,50,50,70,120,ground,ground,1,0,,
Meowth,052,290,40,45,35,40,40,90,normal,dark,1,0,,
Persian,053,440,65,70,60,65,65,115,normal,dark,1,0,,
Psyduck,054,320,50,52,48,65,50,55,water,,1,0,0.8,19.6
Golduck,055,500,80,82,78,95,80,85,water,,1,0,1.7,76.6
Mankey,056,305,40,80,35,35,45,70,fighting,,1,0,0.5,28.0
Primeape,057,455,65,105,60,60,70,95,fighting,,1,0,1.0,32.0
Growlithe,058,350,55,70,45,70,50,60,fire,,1,0,0.7,19.0
Arcanine,059,555,90,110,80,100,80,95,fire,,1,0,1.9,155.0
Poliwag,060,300,40,50,40,40,40,90,water,,1,0,0.6,12.4
Poliwhirl,061,385,65,65,65,50,50,90,water,,1,0,1.0,20.0
Poliwrath,062,510,90,95,95,70,90,70,water,fighting,1,0,1.3,54.0
Abra,063,310,25,20,15,105,55,90,psychic,,1,0,0.9,19.5
Kadabra,064,400,40,35,30,120,70,105,psychic,,1,0,1.3,56.5
Alakazam,065,500,55,50,45,135,95,120,psychic,,1,0,1.5,48.0
Machop,066,305,70,80,50,35,35,35,fighting,,1,0,0.8,19.5
Machoke,067,405,80,100,70,50,60,45,fighting,,1,0,1.5,70.5
Machamp,068,505,90,130,80,65,85,55,fighting,,1,0,1.6,130.0
Bellsprout,069,300,50,75,35,70,30,40,grass,poison,1,0,0.7,4.0
Weepinbell,070,390,65,90,50,85,45,55,grass,poison,1,0,1.0,6.4
Victreebel,071,490,80,105,65,100,70,70,grass,poison,1,0,1.7,15.5
Tentacool,072,335,40,40,35,50,100,70,water,poison,1,0,0.9,45.5
Tentacruel,073,515,80,70,65,80,120,100,water,poison,1,0,1.6,55.0
Geodude,074,300,40,80,100,30,30,20,rock,ground,1,0,,
Graveler,075,390,55,95,115,45,45,35,rock,ground,1,0,,
Golem,076,495,80,120,130,55,65,45,rock,ground,1,0,,
Ponyta,077,410,50,85,55,65,65,90,fire,,1,0,1.0,30.0
Rapidash,078,500,65,100,70,80,80,105,fire,,1,0,1.7,95.0
Slowpoke,079,315,90,65,65,40,40,15,water,psychic,1,0,1.2,36.0
Slowbro,080,490,95,75,110,100,80,30,water,psychic,1,0,1.6,78.5
Magnemite,081,325,25,35,70,95,55,45,electric,steel,1,0,0.3,6.0
Magneton,082,465,50,60,95,120,70,70,electric,steel,1,0,1.0,60.0
Farfetch'd,083,377,52,90,55,58,62,60,normal,flying,1,0,0.8,15.0
Doduo,084,310,35,85,45,35,35,75,normal,flying,1,0,1.4,39.2
Dodrio,085,470,60,110,70,60,60,110,normal,flying,1,0,1.8,85.2
Seel,086,325,65,45,55,45,70,45,water,,1,0,1.1,90.0
Dewgong,087,475,90,70,80,70,95,70,water,ice,1,0,1.7,120.0
Grimer,088,325,80,80,50,40,50,25,poison,poison,1,0,,
Muk,089,500,105,105,75,65,100,50,poison,poison,1,0,,
Shellder,090,305,30,65,100,45,25,40,water,,1,0,0.3,4.0
Cloyster,091,525,50,95,180,85,45,70,water,ice,1,0,1.5,132.5
Gastly,092,310,30,35,30,100,35,80,ghost,poison,1,0,1.3,0.1
Haunter,093,405,45,50,45,115,55,95,ghost,poison,1,0,1.6,0.1
Gengar,094,500,60,65,60,130,75,110,ghost,poison,1,0,1.5,40.5
Onix,095,385,35,45,160,30,45,70,rock,ground,1,0,8.8,210.0
Drowzee,096,328,60,48,45,43,90,42,psychic,,1,0,1.0,32.4
Hypno,097,483,85,73,70,73,115,67,psychic,,1,0,1.6,75.6
Krabby,098,325,30,105,90,25,25,50,water,,1,0,0.4,6.5
Kingler,099,475,55,130,115,50,50,75,water,,1,0,1.3,60.0
Voltorb,100,330,40,30,50,55,55,100,electric,,1,0,0.5,10.4
Electrode,101,490,60,50,70,80,80,150,electric,,1,0,1.2,66.6
Exeggcute,102,325,60,40,80,60,45,40,grass,psychic,1,0,0.4,2.5
Exeggutor,103,530,95,95,85,125,75,55,grass,psychic,1,0,,
Cubone,104,320,50,50,95,40,50,35,ground,,1,0,0.4,6.5
Marowak,105,425,60,80,110,50,80,45,ground,fire,1,0,,
Hitmonlee,106,455,50,120,53,35,110,87,fighting,,1,0,1.5,49.8
Hitmonchan,107,455,50,105,79,35,110,76,fighting,,1,0,1.4,50.2
Lickitung,108,385,90,55,75,60,75,30,normal,,1,0,1.2,65.5
Koffing,109,340,40,65,95,60,45,35,poison,,1,0,0.6,1.0
Weezing,110,490,65,90,120,85,70,60,poison,,1,0,1.2,9.5
Rhyhorn,111,345,80,85,95,30,30,25,ground,rock,1,0,1.0,115.0
Rhydon,112,485,105,130,120,45,45,40,ground,rock,1,0,1.9,120.0
Chansey,113,450,250,5,5,35,105,50,normal,,1,0,1.1,34.6
Tangela,114,435,65,55,115,100,40,60,grass,,1,0,1.0,35.0
Kangaskhan,115,490,105,95,80,40,80,90,normal,,1,0,2.2,80.0
Horsea,116,295,30,40,70,70,25,60,water,,1,0,0.4,8.0
Seadra,117,440,55,65,95,95,45,85,water,,1,0,1.2,25.0
Goldeen,118,320,45,67,60,35,50,63,water,,1,0,0.6,15.0
Seaking,119,450,80,92,65,65,80,68,water,,1,0,1.3,39.0
Staryu,120,340,30,45,55,70,55,85,water,,1,0,0.8,34.5
Starmie,121,520,60,75,85,100,85,115,water,psychic,1,0,1.1,80.0
Mr. Mime,122,460,40,45,65,100,120,90,psychic,fairy,1,0,1.3,54.5
Scyther,123,500,70,110,80,55,80,105,bug,flying,1,0,1.5,56.0
Jynx,124,455,65,50,35,115,95,95,ice,psychic,1,0,1.4,40.6
Electabuzz,125,490,65,83,57,95,85,105,electric,,1,0,1.1,30.0
Magmar,126,495,65,95,57,100,85,93,fire,,1,0,1.3,44.5
Pinsir,127,500,65,125,100,55,70,85,bug,,1,0,1.5,55.0
Tauros,128,490,75,100,95,40,70,110,normal,,1,0,1.4,88.4
Magikarp,129,200,20,10,55,15,20,80,water,,1,0,0.9,10.0
Gyarados,130,540,95,125,79,60,100,81,water,flying,1,0,6.5,235.0
Lapras,131,535,130,85,80,85,95,60,water,ice,1,0,2.5,220.0
Ditto,132,288,48,48,48,48,48,48,normal,,1,0,0.3,4.0
Eevee,133,325,55,55,50,45,65,55,normal,,1,0,0.3,6.5
Vaporeon,134,525,130,65,60,110,95,65,water,,1,0,1.0,29.0
Jolteon,135,525,65,65,60,110,95,130,electric,,1,0,0.8,24.5
Flareon,136,525,65,130,60,95,110,65,fire,,1,0,0.9,25.0
Porygon,137,395,65,60,70,85,75,40,normal,,1,0,0.8,36.5
Omanyte,138,355,35,40,100,90,55,35,rock,water,1,0,0.4,7.5
Omastar,139,495,70,60,125,115,70,55,rock,water,1,0,1.0,35.0
Kabuto,140,355,30,80,90,55,45,55,rock,water,1,0,0.5,11.5
Kabutops,141,495,60,115,105,65,70,80,rock,water,1,0,1.3,40.5
Aerodactyl,142,515,80,105,65,60,75,130,rock,flying,1,0,1.8,59.0
Snorlax,143,540,160,110,65,65,110,30,normal,,1,0,2.1,460.0
Articuno,144,580,90,85,100,95,125,85,ice,flying,1,1,1.7,55.4
Zapdos,145,580,90,90,85,125,90,100,electric,flying,1,1,1.6,52.6
Moltres,146,580,90,100,90,125,85,90,fire,flying,1,1,2.0,60.0
Dratini,147,300,41,64,45,50,50,50,dragon,,1,0,1.8,3.3
Dragonair,148,420,61,84,65,70,70,70,dragon,,1,0,4.0,16.5
Dragonite,149,600,91,134,95,100,100,80,dragon,flying,1,0,2.2,210.0
Mewtwo,150,680,106,110,90,154,90,130,psychic,,1,1,2.0,122.0
Mew,151,600,100,100,100,100,100,100,psychic,,1,1,0.4,4.0
Chikorita,152,318,45,49,65,49,65,45,grass,,2,0,0.9,6.4
Bayleef,153,405,60,62,80,63,80,60,grass,,2,0,1.2,15.8
Meganium,154,525,80,82,100,83,100,80,grass,,2,0,1.8,100.5
Cyndaquil,155,309,39,52,43,60,50,65,fire,,2,0,0.5,7.9
Quilava,156,405,58,64,58,80,65,80,fire,,2,0,0.9,19.0
Typhlosion,157,534,78,84,78,109,85,100,fire,,2,0,1.7,79.5
Totodile,158,314,50,65,64,44,48,43,water,,2,0,0.6,9.5
Croconaw,159,405,65,80,80,59,63,58,water,,2,0,1.1,25.0
Feraligatr,160,530,85,105,100,79,83,78,water,,2,0,2.3,88.8
Sentret,161,215,35,46,34,35,45,20,normal,,2,0,0.8,6.0
Furret,162,415,85,76,64,45,55,90,normal,,2,0,1.8,32.5
Hoothoot,163,262,60,30,30,36,56,50,normal,flying,2,0,0.7,21.2
Noctowl,164,452,100,50,50,86,96,70,normal,flying,2,0,1.6,40.8
Ledyba,165,265,40,20,30,40,80,55,bug,flying,2,0,1.0,10.8
Ledian,166,390,55,35,50,55,110,85,bug,flying,2,0,1.4,35.6
Spinarak,167,250,40,60,40,40,40,30,bug,poison,2,0,0.5,8.5
Ariados,168,400,70,90,70,60,70,40,bug,poison,2,0,1.1,33.5
Crobat,169,535,85,90,80,70,80,130,poison,flying,2,0,1.8,75.0
Chinchou,170,330,75,38,38,56,56,67,water,electric,2,0,0.5,12.0
Lanturn,171,460,125,58,58,76,76,67,water,electric,2,0,1.2,22.5
Pichu,172,205,20,40,15,35,35,60,electric,,2,0,0.3,2.0
Cleffa,173,218,50,25,28,45,55,15,fairy,,2,0,0.3,3.0
Igglybuff,174,210,90,30,15,40,20,15,normal,fairy,2,0,0.3,1.0
Togepi,175,245,35,20,65,40,65,20,fairy,,2,0,0.3,1.5
Togetic,176,405,55,40,85,80,105,40,fairy,flying,2,0,0.6,3.2
Natu,177,320,40,50,45,70,45,70,psychic,flying,2,0,0.2,2.0
Xatu,178,470,65,75,70,95,70,95,psychic,flying,2,0,1.5,15.0
Mareep,179,280,55,40,40,65,45,35,electric,,2,0,0.6,7.8
Flaaffy,180,365,70,55,55,80,60,45,electric,,2,0,0.8,13.3
Ampharos,181,510,90,75,85,115,90,55,electric,,2,0,1.4,61.5
Bellossom,182,490,75,80,95,90,100,50,grass,,2,0,0.4,5.8
Marill,183,250,70,20,50,20,50,40,water,fairy,2,0,0.4,8.5
Azumarill,184,420,100,50,80,60,80,50,water,fairy,2,0,0.8,28.5
Sudowoodo,185,410,70,100,115,30,65,30,rock,,2,0,1.2,38.0
Politoed,186,500,90,75,75,90,100,70,water,,2,0,1.1,33.9
Hoppip,187,250,35,35,40,35,55,50,grass,flying,2,0,0.4,0.5
Skiploom,188,340,55,45,50,45,65,80,grass,flying,2,0,0.6,1.0
Jumpluff,189,460,75,55,70,55,95,110,grass,flying,2,0,0.8,3.0
Aipom,190,360,55,70,55,40,55,85,normal,,2,0,0.8,11.5
Sunkern,191,180,30,30,30,30,30,30,grass,,2,0,0.3,1.8
Sunflora,192,425,75,75,55,105,85,30,grass,,2,0,0.8,8.5
Yanma,193,390,65,65,45,75,45,95,bug,flying,2,0,1.2,38.0
Wooper,194,210,55,45,45,25,25,15,water,ground,2,0,0.4,8.5
Quagsire,195,430,95,85,85,65,65,35,water,ground,2,0,1.4,75.0
Espeon,196,525,65,65,60,130,95,110,psychic,,2,0,0.9,26.5
Umbreon,197,525,95,65,110,60,130,65,dark,,2,0,1.0,27.0
Murkrow,198,405,60,85,42,85,42,91,dark,flying,2,0,0.5,2.1
Slowking,199,490,95,75,80,100,110,30,water,psychic,2,0,2.0,79.5
Misdreavus,200,435,60,60,60,85,85,85,ghost,,2,0,0.7,1.0
Unown,201,336,48,72,48,72,48,48,psychic,,2,0,0.5,5.0
Wobbuffet,202,405,190,33,58,33,58,33,psychic,,2,0,1.3,28.5
Girafarig,203,455,70,80,65,90,65,85,normal,psychic,2,0,1.5,41.5
Pineco,204,290,50,65,90,35,35,15,bug,,2,0,0.6,7.2
Forretress,205,465,75,90,140,60,60,40,bug,steel,2,0,1.2,125.8
Dunsparce,206,415,100,70,70,65,65,45,normal,,2,0,1.5,14.0
Gligar,207,430,65,75,105,35,65,85,ground,flying,2,0,1.1,64.8
Steelix,208,510,75,85,200,55,65,30,steel,ground,2,0,9.2,400.0
Snubbull,209,300,60,80,50,40,40,30,fairy,,2,0,0.6,7.8
Granbull,210,450,90,120,75,60,60,45,fairy,,2,0,1.4,48.7
Qwilfish,211,440,65,95,85,55,55,85,water,poison,2,0,0.5,3.9
Scizor,212,500,70,130,100,55,80,65,bug,steel,2,0,1.8,118.0
Shuckle,213,505,20,10,230,10,230,5,bug,rock,2,0,0.6,20.5
Heracross,214,500,80,125,75,40,95,85,bug,fighting,2,0,1.5,54.0
Sneasel,215,430,55,95,55,35,75,115,dark,ice,2,0,0.9,28.0
Teddiursa,216,330,60,80,50,50,50,40,normal,,2,0,0.6,8.8
Ursaring,217,500,90,130,75,75,75,55,normal,,2,0,1.8,125.8
Slugma,218,250,40,40,40,70,40,20,fire,,2,0,0.7,35.0
Magcargo,219,430,60,50,120,90,80,30,fire,rock,2,0,0.8,55.0
Swinub,220,250,50,50,40,30,30,50,ice,ground,2,0,0.4,6.5
Piloswine,221,450,100,100,80,60,60,50,ice,ground,2,0,1.1,55.8
Corsola,222,410,65,55,95,65,95,35,water,rock,2,0,0.6,5.0
Remoraid,223,300,35,65,35,65,35,65,water,,2,0,0.6,12.0
Octillery,224,480,75,105,75,105,75,45,water,,2,0,0.9,28.5
Delibird,225,330,45,55,45,65,45,75,ice,flying,2,0,0.9,16.0
Mantine,226,485,85,40,70,80,140,70,water,flying,2,0,2.1,220.0
Skarmory,227,465,65,80,140,40,70,70,steel,flying,2,0,1.7,50.5
Houndour,228,330,45,60,30,80,50,65,dark,fire,2,0,0.6,10.8
Houndoom,229,500,75,90,50,110,80,95,dark,fire,2,0,1.4,35.0
Kingdra,230,540,75,95,95,95,95,85,water,dragon,2,0,1.8,152.0
Phanpy,231,330,90,60,60,40,40,40,ground,,2,0,0.5,33.5
Donphan,232,500,90,120,120,60,60,50,ground,,2,0,1.1,120.0
Porygon2,233,515,85,80,90,105,95,60,normal,,2,0,0.6,32.5
Stantler,234,465,73,95,62,85,65,85,normal,,2,0,1.4,71.2
Smeargle,235,250,55,20,35,20,45,75,normal,,2,0,1.2,58.0
Tyrogue,236,210,35,35,35,35,35,35,fighting,,2,0,0.7,21.0
Hitmontop,237,455,50,95,95,35,110,70,fighting,,2,0,1.4,48.0
Smoochum,238,305,45,30,15,85,65,65,ice,psychic,2,0,0.4,6.0
Elekid,239,360,45,63,37,65,55,95,electric,,2,0,0.6,23.5
Magby,240,365,45,75,37,70,55,83,fire,,2,0,0.7,21.4
Miltank,241,490,95,80,105,40,70,100,normal,,2,0,1.2,75.5
Blissey,242,540,255,10,10,75,135,55,normal,,2,0,1.5,46.8
Raikou,243,580,90,85,75,115,100,115,electric,,2,1,1.9,178.0
Entei,244,580,115,115,85,90,75,100,fire,,2,1,2.1,198.0
Suicune,245,580,100,75,115,90,115,85,water,,2,1,2.0,187.0
Larvitar,246,300,50,64,50,45,50,41,rock,ground,2,0,0.6,72.0
Pupitar,247,410,70,84,70,65,70,51,rock,ground,2,0,1.2,152.0
Tyranitar,248,600,100,134,110,95,100,61,rock,dark,2,0,2.0,202.0
Lugia,249,680,106,90,130,90,154,110,psychic,flying,2,1,5.2,216.0
Ho-Oh,250,680,106,130,90,110,154,90,fire,flying,2,1,3.8,199.0
Celebi,251,600,100,100,100,100,100,100,psychic,grass,2,1,0.6,5.0
Treecko,252,310,40,45,35,65,55,70,grass,,3,0,0.5,5.0
Grovyle,253,405,50,65,45,85,65,95,grass,,3,0,0.9,21.6
Sceptile,254,530,70,85,65,105,85,120,grass,,3,0,1.7,52.2
Torchic,255,310,45,60,40,70,50,45,fire,,3,0,0.4,2.5
Combusken,256,405,60,85,60,85,60,55,fire,fighting,3,0,0.9,19.5
Blaziken,257,530,80,120,70,110,70,80,fire,fighting,3,0,1.9,52.0
Mudkip,258,310,50,70,50,50,50,40,water,,3,0,0.4,7.6
Marshtomp,259,405,70,85,70,60,70,50,water,ground,3,0,0.7,28.0
Swampert,260,535,100,110,90,85,90,60,water,ground,3,0,1.5,81.9
Poochyena,261,220,35,55,35,30,30,35,dark,,3,0,0.5,13.6
Mightyena,262,420,70,90,70,60,60,70,dark,,3,0,1.0,37.0
Zigzagoon,263,240,38,30,41,30,41,60,normal,,3,0,0.4,17.5
Linoone,264,420,78,70,61,50,61,100,normal,,3,0,0.5,32.5
Wurmple,265,195,45,45,35,20,30,20,bug,,3,0,0.3,3.6
Silcoon,266,205,50,35,55,25,25,15,bug,,3,0,0.6,10.0
Beautifly,267,395,60,70,50,100,50,65,bug,flying,3,0,1.0,28.4
Cascoon,268,205,50,35,55,25,25,15,bug,,3,0,0.7,11.5
Dustox,269,385,60,50,70,50,90,65,bug,poison,3,0,1.2,31.6
Lotad,270,220,40,30,30,40,50,30,water,grass,3,0,0.5,2.6
Lombre,271,340,60,50,50,60,70,50,water,grass,3,0,1.2,32.5
Ludicolo,272,480,80,70,70,90,100,70,water,grass,3,0,1.5,55.0
Seedot,273,220,40,40,50,30,30,30,grass,,3,0,0.5,4.0
Nuzleaf,274,340,70,70,40,60,40,60,grass,dark,3,0,1.0,28.0
Shiftry,275,480,90,100,60,90,60,80,grass,dark,3,0,1.3,59.6
Taillow,276,270,40,55,30,30,30,85,normal,flying,3,0,0.3,2.3
Swellow,277,455,60,85,60,75,50,125,normal,flying,3,0,0.7,19.8
Wingull,278,270,40,30,30,55,30,85,water,flying,3,0,0.6,9.5
Pelipper,279,440,60,50,100,95,70,65,water,flying,3,0,1.2,28.0
Ralts,280,198,28,25,25,45,35,40,psychic,fairy,3,0,0.4,6.6
Kirlia,281,278,38,35,35,65,55,50,psychic,fairy,3,0,0.8,20.2
Gardevoir,282,518,68,65,65,125,115,80,psychic,fairy,3,0,1.6,48.4
Surskit,283,269,40,30,32,50,52,65,bug,water,3,0,0.5,1.7
Masquerain,284,454,70,60,62,100,82,80,bug,flying,3,0,0.8,3.6
Shroomish,285,295,60,40,60,40,60,35,grass,,3,0,0.4,4.5
Breloom,286,460,60,130,80,60,60,70,grass,fighting,3,0,1.2,39.2
Slakoth,287,280,60,60,60,35,35,30,normal,,3,0,0.8,24.0
Vigoroth,288,440,80,80,80,55,55,90,normal,,3,0,1.4,46.5
Slaking,289,670,150,160,100,95,65,100,normal,,3,0,2.0,130.5
Nincada,290,266,31,45,90,30,30,40,bug,ground,3,0,0.5,5.5
Ninjask,291,456,61,90,45,50,50,160,bug,flying,3,0,0.8,12.0
Shedinja,292,236,1,90,45,30,30,40,bug,ghost,3,0,0.8,1.2
Whismur,293,240,64,51,23,51,23,28,normal,,3,0,0.6,16.3
Loudred,294,360,84,71,43,71,43,48,normal,,3,0,1.0,40.5
Exploud,295,490,104,91,63,91,73,68,normal,,3,0,1.5,84.0
Makuhita,296,237,72,60,30,20,30,25,fighting,,3,0,1.0,86.4
Hariyama,297,474,144,120,60,40,60,50,fighting,,3,0,2.3,253.8
Azurill,298,190,50,20,40,20,40,20,normal,fairy,3,0,0.2,2.0
Nosepass,299,375,30,45,135,45,90,30,rock,,3,0,1.0,97.0
Skitty,300,260,50,45,45,35,35,50,normal,,3,0,0.6,11.0
Delcatty,301,400,70,65,65,55,55,90,normal,,3,0,1.1,32.6
Sableye,302,380,50,75,75,65,65,50,dark,ghost,3,0,0.5,11.0
Mawile,303,380,50,85,85,55,55,50,steel,fairy,3,0,0.6,11.5
Aron,304,330,50,70,100,40,40,30,steel,rock,3,0,0.4,60.0
Lairon,305,430,60,90,140,50,50,40,steel,rock,3,0,0.9,120.0
Aggron,306,530,70,110,180,60,60,50,steel,rock,3,0,2.1,360.0
Meditite,307,280,30,40,55,40,55,60,fighting,psychic,3,0,0.6,11.2
Medicham,308,410,60,60,75,60,75,80,fighting,psychic,3,0,1.3,31.5
Electrike,309,295,40,45,40,65,40,65,electric,,3,0,0.6,15.2
Manectric,310,475,70,75,60,105,60,105,electric,,3,0,1.5,40.2
Plusle,311,405,60,50,40,85,75,95,electric,,3,0,0.4,4.2
Minun,312,405,60,40,50,75,85,95,electric,,3,0,0.4,4.2
Volbeat,313,430,65,73,75,47,85,85,bug,,3,0,0.7,17.7
Illumise,314,430,65,47,75,73,85,85,bug,,3,0,0.6,17.7
Roselia,315,400,50,60,45,100,80,65,grass,poison,3,0,0.3,2.0
Gulpin,316,302,70,43,53,43,53,40,poison,,3,0,0.4,10.3
Swalot,317,467,100,73,83,73,83,55,poison,,3,0,1.7,80.0
Carvanha,318,305,45,90,20,65,20,65,water,dark,3,0,0.8,20.8
Sharpedo,319,460,70,120,40,95,40,95,water,dark,3,0,1.8,88.8
Wailmer,320,400,130,70,35,70,35,60,water,,3,0,2.0,130.0
Wailord,321,500,170,90,45,90,45,60,water,,3,0,14.5,398.0
Numel,322,305,60,60,40,65,45,35,fire,ground,3,0,0.7,24.0
Camerupt,323,460,70,100,70,105,75,40,fire,ground,3,0,1.9,220.0
Torkoal,324,470,70,85,140,85,70,20,fire,,3,0,0.5,80.4
Spoink,325,330,60,25,35,70,80,60,psychic,,3,0,0.7,30.6
Grumpig,326,470,80,45,65,90,110,80,psychic,,3,0,0.9,71.5
Spinda,327,360,60,60,60,60,60,60,normal,,3,0,1.1,5.0
Trapinch,328,290,45,100,45,45,45,10,ground,,3,0,0.7,15.0
Vibrava,329,340,50,70,50,50,50,70,ground,dragon,3,0,1.1,15.3
Flygon,330,520,80,100,80,80,80,100,ground,dragon,3,0,2.0,82.0
Cacnea,331,335,50,85,40,85,40,35,grass,,3,0,0.4,51.3
Cacturne,332,475,70,115,60,115,60,55,grass,dark,3,0,1.3,77.4
Swablu,333,310,45,40,60,40,75,50,normal,flying,3,0,0.4,1.2
Altaria,334,490,75,70,90,70,105,80,dragon,flying,3,0,1.1,20.6
Zangoose,335,458,73,115,60,60,60,90,normal,,3,0,1.3,40.3
Seviper,336,458,73,100,60,100,60,65,poison,,3,0,2.7,52.5
Lunatone,337,460,90,55,65,95,85,70,rock,psychic,3,0,1.0,168.0
Solrock,338,460,90,95,85,55,65,70,rock,psychic,3,0,1.2,154.0
Barboach,339,288,50,48,43,46,41,60,water,ground,3,0,0.4,1.9
Whiscash,340,468,110,78,73,76,71,60,water,ground,3,0,0.9,23.6
Corphish,341,308,43,80,65,50,35,35,water,,3,0,0.6,11.5
Crawdaunt,342,468,63,120,85,90,55,55,water,dark,3,0,1.1,32.8
Baltoy,343,300,40,40,55,40,70,55,ground,psychic,3,0,0.5,21.5
Claydol,344,500,60,70,105,70,120,75,ground,psychic,3,0,1.5,108.0
Lileep,345,355,66,41,77,61,87,23,rock,grass,3,0,1.0,23.8
Cradily,346,495,86,81,97,81,107,43,rock,grass,3,0,1.5,60.4
Anorith,347,355,45,95,50,40,50,75,rock,bug,3,0,0.7,12.5
Armaldo,348,495,75,125,100,70,80,45,rock,bug,3,0,1.5,68.2
Feebas,349,200,20,15,20,10,55,80,water,,3,0,0.6,7.4
Milotic,350,540,95,60,79,100,125,81,water,,3,0,6.2,162.0
Castform,351,420,70,70,70,70,70,70,normal,,3,0,0.3,0.8
Kecleon,352,440,60,90,70,60,120,40,normal,,3,0,1.0,22.0
Shuppet,353,295,44,75,35,63,33,45,ghost,,3,0,0.6,2.3
Banette,354,455,64,115,65,83,63,65,ghost,,3,0,1.1,12.5
Duskull,355,295,20,40,90,30,90,25,ghost,,3,0,0.8,15.0
Dusclops,356,455,40,70,130,60,130,25,ghost,,3,0,1.6,30.6
Tropius,357,460,99,68,83,72,87,51,grass,flying,3,0,2.0,100.0
Chimecho,358,455,75,50,80,95,90,65,psychic,,3,0,0.6,1.0
Absol,359,465,65,130,60,75,60,75,dark,,3,0,1.2,47.0
Wynaut,360,260,95,23,48,23,48,23,psychic,,3,0,0.6,14.0
Snorunt,361,300,50,50,50,50,50,50,ice,,3,0,0.7,16.8
Glalie,362,480,80,80,80,80,80,80,ice,,3,0,1.5,256.5
Spheal,363,290,70,40,50,55,50,25,ice,water,3,0,0.8,39.5
Sealeo,364,410,90,60,70,75,70,45,ice,water,3,0,1.1,87.6
Walrein,365,530,110,80,90,95,90,65,ice,water,3,0,1.4,150.6
Clamperl,366,345,35,64,85,74,55,32,water,,3,0,0.4,52.5
Huntail,367,485,55,104,105,94,75,52,water,,3,0,1.7,27.0
Gorebyss,368,485,55,84,105,114,75,52,water,,3,0,1.8,22.6
Relicanth,369,485,100,90,130,45,65,55,water,rock,3,0,1.0,23.4
Luvdisc,370,330,43,30,55,40,65,97,water,,3,0,0.6,8.7
Bagon,371,300,45,75,60,40,30,50,dragon,,3,0,0.6,42.1
Shelgon,372,420,65,95,100,60,50,50,dragon,,3,0,1.1,110.5
Salamence,373,600,95,135,80,110,80,100,dragon,flying,3,0,1.5,102.6
Beldum,374,300,40,55,80,35,60,30,steel,psychic,3,0,0.6,95.2
Metang,375,420,60,75,100,55,80,50,steel,psychic,3,0,1.2,202.5
Metagross,376,600,80,135,130,95,90,70,steel,psychic,3,0,1.6,550.0
Regirock,377,580,80,100,200,50,100,50,rock,,3,1,1.7,230.0
Regice,378,580,80,50,100,100,200,50,ice,,3,1,1.8,175.0
Registeel,379,580,80,75,150,75,150,50,steel,,3,1,1.9,205.0
Latias,380,600,80,80,90,110,130,110,dragon,psychic,3,1,1.4,40.0
Latios,381,600,80,90,80,130,110,110,dragon,psychic,3,1,2.0,60.0
Kyogre,382,670,100,100,90,150,140,90,water,,3,1,4.5,352.0
Groudon,383,670,100,150,140,100,90,90,ground,,3,1,3.5,950.0
Rayquaza,384,680,105,150,90,150,90,95,dragon,flying,3,1,7.0,206.5
Jirachi,385,600,100,100,100,100,100,100,steel,psychic,3,1,0.3,1.1
Deoxys,386,600,50,150,50,150,50,150,psychic,,3,1,1.7,60.8
Turtwig,387,318,55,68,64,45,55,31,grass,,4,0,0.4,10.2
Grotle,388,405,75,89,85,55,65,36,grass,,4,0,1.1,97.0
Torterra,389,525,95,109,105,75,85,56,grass,ground,4,0,2.2,310.0
Chimchar,390,309,44,58,44,58,44,61,fire,,4,0,0.5,6.2
Monferno,391,405,64,78,52,78,52,81,fire,fighting,4,0,0.9,22.0
Infernape,392,534,76,104,71,104,71,108,fire,fighting,4,0,1.2,55.0
Piplup,393,314,53,51,53,61,56,40,water,,4,0,0.4,5.2
Prinplup,394,405,64,66,68,81,76,50,water,,4,0,0.8,23.0
Empoleon,395,530,84,86,88,111,101,60,water,steel,4,0,1.7,84.5
Starly,396,245,40,55,30,30,30,60,normal,flying,4,0,0.3,2.0
Staravia,397,340,55,75,50,40,40,80,normal,flying,4,0,0.6,15.5
Staraptor,398,485,85,120,70,50,60,100,normal,flying,4,0,1.2,24.9
Bidoof,399,250,59,45,40,35,40,31,normal,,4,0,0.5,20.0
Bibarel,400,410,79,85,60,55,60,71,normal,water,4,0,1.0,31.5
Kricketot,401,194,37,25,41,25,41,25,bug,,4,0,0.3,2.2
Kricketune,402,384,77,85,51,55,51,65,bug,,4,0,1.0,25.5
Shinx,403,263,45,65,34,40,34,45,electric,,4,0,0.5,9.5
Luxio,404,363,60,85,49,60,49,60,electric,,4,0,0.9,30.5
Luxray,405,523,80,120,79,95,79,70,electric,,4,0,1.4,42.0
Budew,406,280,40,30,35,50,70,55,grass,poison,4,0,0.2,1.2
Roserade,407,515,60,70,65,125,105,90,grass,poison,4,0,0.9,14.5
Cranidos,408,350,67,125,40,30,30,58,rock,,4,0,0.9,31.5
Rampardos,409,495,97,165,60,65,50,58,rock,,4,0,1.6,102.5
Shieldon,410,350,30,42,118,42,88,30,rock,steel,4,0,0.5,57.0
Bastiodon,411,495,60,52,168,47,138,30,rock,steel,4,0,1.3,149.5
Burmy,412,224,40,29,45,29,45,36,bug,,4,0,0.2,3.4
Wormadam,413,424,60,59,85,79,105,36,bug,grass,4,0,0.5,6.5
Mothim,414,424,70,94,50,94,50,66,bug,flying,4,0,0.9,23.3
Combee,415,244,30,30,42,30,42,70,bug,flying,4,0,0.3,5.5
Vespiquen,416,474,70,80,102,80,102,40,bug,flying,4,0,1.2,38.5
Pachirisu,417,405,60,45,70,45,90,95,electric,,4,0,0.4,3.9
Buizel,418,330,55,65,35,60,30,85,water,,4,0,0.7,29.5
Floatzel,419,495,85,105,55,85,50,115,water,,4,0,1.1,33.5
Cherubi,420,275,45,35,45,62,53,35,grass,,4,0,0.4,3.3
Cherrim,421,450,70,60,70,87,78,85,grass,,4,0,0.5,9.3
Shellos,422,325,76,48,48,57,62,34,water,,4,0,0.3,6.3
Gastrodon,423,475,111,83,68,92,82,39,water,ground,4,0,0.9,29.9
Ambipom,424,482,75,100,66,60,66,115,normal,,4,0,1.2,20.3
Drifloon,425,348,90,50,34,60,44,70,ghost,flying,4,0,0.4,1.2
Drifblim,426,498,150,80,44,90,54,80,ghost,flying,4,0,1.2,15.0
Buneary,427,350,55,66,44,44,56,85,normal,,4,0,0.4,5.5
Lopunny,428,480,65,76,84,54,96,105,normal,,4,0,1.2,33.3
Mismagius,429,495,60,60,60,105,105,105,ghost,,4,0,0.9,4.4
Honchkrow,430,505,100,125,52,105,52,71,dark,flying,4,0,0.9,27.3
Glameow,431,310,49,55,42,42,37,85,normal,,4,0,0.5,3.9
Purugly,432,452,71,82,64,64,59,112,normal,,4,0,1.0,43.8
Chingling,433,285,45,30,50,65,50,45,psychic,,4,0,0.2,0.6
Stunky,434,329,63,63,47,41,41,74,poison,dark,4,0,0.4,19.2
Skuntank,435,479,103,93,67,71,61,84,poison,dark,4,0,1.0,38.0
Bronzor,436,300,57,24,86,24,86,23,steel,psychic,4,0,0.5,60.5
Bronzong,437,500,67,89,116,79,116,33,steel,psychic,4,0,1.3,187.0
Bonsly,438,290,50,80,95,10,45,10,rock,,4,0,0.5,15.0
Mime Jr.,439,310,20,25,45,70,90,60,psychic,fairy,4,0,0.6,13.0
Happiny,440,220,100,5,5,15,65,30,normal,,4,0,0.6,24.4
Chatot,441,411,76,65,45,92,42,91,normal,flying,4,0,0.5,1.9
Spiritomb,442,485,50,92,108,92,108,35,ghost,dark,4,0,1.0,108.0
Gible,443,300,58,70,45,40,45,42,dragon,ground,4,0,0.7,20.5
Gabite,444,410,68,90,65,50,55,82,dragon,ground,4,0,1.4,56.0
Garchomp,445,600,108,130,95,80,85,102,dragon,ground,4,0,1.9,95.0
Munchlax,446,390,135,85,40,40,85,5,normal,,4,0,0.6,105.0
Riolu,447,285,40,70,40,35,40,60,fighting,,4,0,0.7,20.2
Lucario,448,525,70,110,70,115,70,90,fighting,steel,4,0,1.2,54.0
Hippopotas,449,330,68,72,78,38,42,32,ground,,4,0,0.8,49.5
Hippowdon,450,525,108,112,118,68,72,47,ground,,4,0,2.0,300.0
Skorupi,451,330,40,50,90,30,55,65,poison,bug,4,0,0.8,12.0
Drapion,452,500,70,90,110,60,75,95,poison,dark,4,0,1.3,61.5
Croagunk,453,300,48,61,40,61,40,50,poison,fighting,4,0,0.7,23.0
Toxicroak,454,490,83,106,65,86,65,85,poison,fighting,4,0,1.3,44.4
Carnivine,455,454,74,100,72,90,72,46,grass,,4,0,1.4,27.0
Finneon,456,330,49,49,56,49,61,66,water,,4,0,0.4,7.0
Lumineon,457,460,69,69,76,69,86,91,water,,4,0,1.2,24.0
Mantyke,458,345,45,20,50,60,120,50,water,flying,4,0,1.0,65.0
Snover,459,334,60,62,50,62,60,40,grass,ice,4,0,1.0,50.5
Abomasnow,460,494,90,92,75,92,85,60,grass,ice,4,0,2.2,135.5
Weavile,461,510,70,120,65,45,85,125,dark,ice,4,0,1.1,34.0
Magnezone,462,535,70,70,115,130,90,60,electric,steel,4,0,1.2,180.0
Lickilicky,463,515,110,85,95,80,95,50,normal,,4,0,1.7,140.0
Rhyperior,464,535,115,140,130,55,55,40,ground,rock,4,0,2.4,282.8
Tangrowth,465,535,100,100,125,110,50,50,grass,,4,0,2.0,128.6
Electivire,466,540,75,123,67,95,85,95,electric,,4,0,1.8,138.6
Magmortar,467,540,75,95,67,125,95,83,fire,,4,0,1.6,68.0
Togekiss,468,545,85,50,95,120,115,80,fairy,flying,4,0,1.5,38.0
Yanmega,469,515,86,76,86,116,56,95,bug,flying,4,0,1.9,51.5
Leafeon,470,525,65,110,130,60,65,95,grass,,4,0,1.0,25.5
Glaceon,471,525,65,60,110,130,95,65,ice,,4,0,0.8,25.9
Gliscor,472,510,75,95,125,45,75,95,ground,flying,4,0,2.0,42.5
Mamoswine,473,530,110,130,80,70,60,80,ice,ground,4,0,2.5,291.0
Porygon-Z,474,535,85,80,70,135,75,90,normal,,4,0,0.9,34.0
Gallade,475,518,68,125,65,65,115,80,psychic,fighting,4,0,1.6,52.0
Probopass,476,525,60,55,145,75,150,40,rock,steel,4,0,1.4,340.0
Dusknoir,477,525,45,100,135,65,135,45,ghost,,4,0,2.2,106.6
Froslass,478,480,70,80,70,80,70,110,ice,ghost,4,0,1.3,26.6
Rotom,479,440,50,50,77,95,77,91,electric,ghost,4,0,0.3,0.3
Uxie,480,580,75,75,130,75,130,95,psychic,,4,1,0.3,0.3
Mesprit,481,580,80,105,105,105,105,80,psychic,,4,1,0.3,0.3
Azelf,482,580,75,125,70,125,70,115,psychic,,4,1,0.3,0.3
Dialga,483,680,100,120,120,150,100,90,steel,dragon,4,1,5.4,683.0
Palkia,484,680,90,120,100,150,120,100,water,dragon,4,1,4.2,336.0
Heatran,485,600,91,90,106,130,106,77,fire,steel,4,1,1.7,430.0
Regigigas,486,670,110,160,110,80,110,100,normal,,4,1,3.7,420.0
Giratina,487,680,150,100,120,100,120,90,ghost,dragon,4,1,4.5,750.0
Cresselia,488,600,120,70,120,75,130,85,psychic,,4,1,1.5,85.6
Phione,489,480,80,80,80,80,80,80,water,,4,0,0.4,3.1
Manaphy,490,600,100,100,100,100,100,100,water,,4,1,0.3,1.4
Darkrai,491,600,70,90,90,135,90,125,dark,,4,1,1.5,50.5
Shaymin,492,600,100,100,100,100,100,100,grass,grass,4,1,0.2,2.1
Arceus,493,720,120,120,120,120,120,120,normal,,4,1,3.2,320.0
Victini,494,600,100,100,100,100,100,100,psychic,fire,5,1,0.4,4.0
Snivy,495,308,45,45,55,45,55,63,grass,,5,0,0.6,8.1
Servine,496,413,60,60,75,60,75,83,grass,,5,0,0.8,16.0
Serperior,497,528,75,75,95,75,95,113,grass,,5,0,3.3,63.0
Tepig,498,308,65,63,45,45,45,45,fire,,5,0,0.5,9.9
Pignite,499,418,90,93,55,70,55,55,fire,fighting,5,0,1.0,55.5
Emboar,500,528,110,123,65,100,65,65,fire,fighting,5,0,1.6,150.0
Oshawott,501,308,55,55,45,63,45,45,water,,5,0,0.5,5.9
Dewott,502,413,75,75,60,83,60,60,water,,5,0,0.8,24.5
Samurott,503,528,95,100,85,108,70,70,water,,5,0,1.5,94.6
Patrat,504,255,45,55,39,35,39,42,normal,,5,0,0.5,11.6
Watchog,505,420,60,85,69,60,69,77,normal,,5,0,1.1,27.0
Lillipup,506,275,45,60,45,25,45,55,normal,,5,0,0.4,4.1
Herdier,507,370,65,80,65,35,65,60,normal,,5,0,0.9,14.7
Stoutland,508,500,85,110,90,45,90,80,normal,,5,0,1.2,61.0
Purrloin,509,281,41,50,37,50,37,66,dark,,5,0,0.4,10.1
Liepard,510,446,64,88,50,88,50,106,dark,,5,0,1.1,37.5
Pansage,511,316,50,53,48,53,48,64,grass,,5,0,0.6,10.5
Simisage,512,498,75,98,63,98,63,101,grass,,5,0,1.1,30.5
Pansear,513,316,50,53,48,53,48,64,fire,,5,0,0.6,11.0
Simisear,514,498,75,98,63,98,63,101,fire,,5,0,1.0,28.0
Panpour,515,316,50,53,48,53,48,64,water,,5,0,0.6,13.5
Simipour,516,498,75,98,63,98,63,101,water,,5,0,1.0,29.0
Munna,517,292,76,25,45,67,55,24,psychic,,5,0,0.6,23.3
Musharna,518,487,116,55,85,107,95,29,psychic,,5,0,1.1,60.5
Pidove,519,264,50,55,50,36,30,43,normal,flying,5,0,0.3,2.1
Tranquill,520,358,62,77,62,50,42,65,normal,flying,5,0,0.6,15.0
Unfezant,521,488,80,115,80,65,55,93,normal,flying,5,0,1.2,29.0
Blitzle,522,295,45,60,32,50,32,76,electric,,5,0,0.8,29.8
Zebstrika,523,497,75,100,63,80,63,116,electric,,5,0,1.6,79.5
Roggenrola,524,280,55,75,85,25,25,15,rock,,5,0,0.4,18.0
Boldore,525,390,70,105,105,50,40,20,rock,,5,0,0.9,102.0
Gigalith,526,515,85,135,130,60,80,25,rock,,5,0,1.7,260.0
Woobat,527,323,65,45,43,55,43,72,psychic,flying,5,0,0.4,2.1
Swoobat,528,425,67,57,55,77,55,114,psychic,flying,5,0,0.9,10.5
Drilbur,529,328,60,85,40,30,45,68,ground,,5,0,0.3,8.5
Excadrill,530,508,110,135,60,50,65,88,ground,steel,5,0,0.7,40.4
Audino,531,445,103,60,86,60,86,50,normal,,5,0,1.1,31.0
Timburr,532,305,75,80,55,25,35,35,fighting,,5,0,0.6,12.5
Gurdurr,533,405,85,105,85,40,50,40,fighting,,5,0,1.2,40.0
Conkeldurr,534,505,105,140,95,55,65,45,fighting,,5,0,1.4,87.0
Tympole,535,294,50,50,40,50,40,64,water,,5,0,0.5,4.5
Palpitoad,536,384,75,65,55,65,55,69,water,ground,5,0,0.8,17.0
Seismitoad,537,509,105,95,75,85,75,74,water,ground,5,0,1.5,62.0
Throh,538,465,120,100,85,30,85,45,fighting,,5,0,1.3,55.5
Sawk,539,465,75,125,75,30,75,85,fighting,,5,0,1.4,51.0
Sewaddle,540,310,45,53,70,40,60,42,bug,grass,5,0,0.3,2.5
Swadloon,541,380,55,63,90,50,80,42,bug,grass,5,0,0.5,7.3
Leavanny,542,500,75,103,80,70,80,92,bug,grass,5,0,1.2,20.5
Venipede,543,260,30,45,59,30,39,57,bug,poison,5,0,0.4,5.3
Whirlipede,544,360,40,55,99,40,79,47,bug,poison,5,0,1.2,58.5
Scolipede,545,485,60,100,89,55,69,112,bug,poison,5,0,2.5,200.5
Cottonee,546,280,40,27,60,37,50,66,grass,fairy,5,0,0.3,0.6
Whimsicott,547,480,60,67,85,77,75,116,grass,fairy,5,0,0.7,6.6
Petilil,548,280,45,35,50,70,50,30,grass,,5,0,0.5,6.6
Lilligant,549,480,70,60,75,110,75,90,grass,,5,0,1.1,16.3
Basculin,550,460,70,92,65,80,55,98,water,,5,0,1.0,18.0
Sandile,551,292,50,72,35,35,35,65,ground,dark,5,0,0.7,15.2
Krokorok,552,351,60,82,45,45,45,74,ground,dark,5,0,1.0,33.4
Krookodile,553,519,95,117,80,65,70,92,ground,dark,5,0,1.5,96.3
Darumaka,554,315,70,90,45,15,45,50,fire,,5,0,0.6,37.5
Darmanitan,555,480,105,140,55,30,55,95,fire,fire,5,0,1.3,92.9
Maractus,556,461,75,86,67,106,67,60,grass,,5,0,1.0,28.0
Dwebble,557,325,50,65,85,35,35,55,bug,rock,5,0,0.3,14.5
Crustle,558,485,70,105,125,65,75,45,bug,rock,5,0,1.4,200.0
Scraggy,559,348,50,75,70,35,70,48,dark,fighting,5,0,0.6,11.8
Scrafty,560,488,65,90,115,45,115,58,dark,fighting,5,0,1.1,30.0
Sigilyph,561,490,72,58,80,103,80,97,psychic,flying,5,0,1.4,14.0
Yamask,562,303,38,30,85,55,65,30,ghost,,5,0,0.5,1.5
Cofagrigus,563,483,58,50,145,95,105,30,ghost,,5,0,1.7,76.5
Tirtouga,564,355,54,78,103,53,45,22,water,rock,5,0,0.7,16.5
Carracosta,565,495,74,108,133,83,65,32,water,rock,5,0,1.2,81.0
Archen,566,401,55,112,45,74,45,70,rock,flying,5,0,0.5,9.5
Archeops,567,567,75,140,65,112,65,110,rock,flying,5,0,1.4,32.0
Trubbish,568,329,50,50,62,40,62,65,poison,,5,0,0.6,31.0
Garbodor,569,474,80,95,82,60,82,75,poison,,5,0,1.9,107.3
Zorua,570,330,40,65,40,80,40,65,dark,,5,0,0.7,12.5
Zoroark,571,510,60,105,60,120,60,105,dark,,5,0,1.6,81.1
Minccino,572,300,55,50,40,40,40,75,normal,,5,0,0.4,5.8
Cinccino,573,470,75,95,60,65,60,115,normal,,5,0,0.5,7.5
Gothita,574,290,45,30,50,55,65,45,psychic,,5,0,0.4,5.8
Gothorita,575,390,60,45,70,75,85,55,psychic,,5,0,0.7,18.0
Gothitelle,576,490,70,55,95,95,110,65,psychic,,5,0,1.5,44.0
Solosis,577,290,45,30,40,105,50,20,psychic,,5,0,0.3,1.0
Duosion,578,370,65,40,50,125,60,30,psychic,,5,0,0.6,8.0
Reuniclus,579,490,110,65,75,125,85,30,psychic,,5,0,1.0,20.1
Ducklett,580,305,62,44,50,44,50,55,water,flying,5,0,0.5,5.5
Swanna,581,473,75,87,63,87,63,98,water,flying,5,0,1.3,24.2
Vanillite,582,305,36,50,50,65,60,44,ice,,5,0,0.4,5.7
Vanillish,583,395,51,65,65,80,75,59,ice,,5,0,1.1,41.0
Vanilluxe,584,535,71,95,85,110,95,79,ice,,5,0,1.3,57.5
Deerling,585,335,60,60,50,40,50,75,normal,grass,5,0,0.6,19.5
Sawsbuck,586,475,80,100,70,60,70,95,normal,grass,5,0,1.9,92.5
Emolga,587,428,55,75,60,75,60,103,electric,flying,5,0,0.4,5.0
Karrablast,588,315,50,75,45,40,45,60,bug,,5,0,0.5,5.9
Escavalier,589,495,70,135,105,60,105,20,bug,steel,5,0,1.0,33.0
Foongus,590,294,69,55,45,55,55,15,grass,poison,5,0,0.2,1.0
Amoonguss,591,464,114,85,70,85,80,30,grass,poison,5,0,0.6,10.5
Frillish,592,335,55,40,50,65,85,40,water,ghost,5,0,1.2,33.0
Jellicent,593,480,100,60,70,85,105,60,water,ghost,5,0,2.2,135.0
Alomomola,594,470,165,75,80,40,45,65,water,,5,0,1.2,31.6
Joltik,595,319,50,47,50,57,50,65,bug,electric,5,0,0.1,0.6
Galvantula,596,472,70,77,60,97,60,108,bug,electric,5,0,0.8,14.3
Ferroseed,597,305,44,50,91,24,86,10,grass,steel,5,0,0.6,18.8
Ferrothorn,598,489,74,94,131,54,116,20,grass,steel,5,0,1.0,110.0
Klink,599,300,40,55,70,45,60,30,steel,,5,0,0.3,21.0
Klang,600,440,60,80,95,70,85,50,steel,,5,0,0.6,51.0
Klinklang,601,520,60,100,115,70,85,90,steel,,5,0,0.6,81.0
Tynamo,602,275,35,55,40,45,40,60,electric,,5,0,0.2,0.3
Eelektrik,603,405,65,85,70,75,70,40,electric,,5,0,1.2,22.0
Eelektross,604,515,85,115,80,105,80,50,electric,,5,0,2.1,80.5
Elgyem,605,335,55,55,55,85,55,30,psychic,,5,0,0.5,9.0
Beheeyem,606,485,75,75,75,125,95,40,psychic,,5,0,1.0,34.5
Litwick,607,275,50,30,55,65,55,20,ghost,fire,5,0,0.3,3.1
Lampent,608,370,60,40,60,95,60,55,ghost,fire,5,0,0.6,13.0
Chandelure,609,520,60,55,90,145,90,80,ghost,fire,5,0,1.0,34.3
Axew,610,320,46,87,60,30,40,57,dragon,,5,0,0.6,18.0
Fraxure,611,410,66,117,70,40,50,67,dragon,,5,0,1.0,36.0
Haxorus,612,540,76,147,90,60,70,97,dragon,,5,0,1.8,105.5
Cubchoo,613,305,55,70,40,60,40,40,ice,,5,0,0.5,8.5
Beartic,614,505,95,130,80,70,80,50,ice,,5,0,2.6,260.0
Cryogonal,615,515,80,50,50,95,135,105,ice,,5,0,1.1,148.0
Shelmet,616,305,50,40,85,40,65,25,bug,,5,0,0.4,7.7
Accelgor,617,495,80,70,40,100,60,145,bug,,5,0,0.8,25.3
Stunfisk,618,471,109,66,84,81,99,32,ground,electric,5,0,0.7,11.0
Mienfoo,619,350,45,85,50,55,50,65,fighting,,5,0,0.9,20.0
Mienshao,620,510,65,125,60,95,60,105,fighting,,5,0,1.4,35.5
Druddigon,621,485,77,120,90,60,90,48,dragon,,5,0,1.6,139.0
Golett,622,303,59,74,50,35,50,35,ground,ghost,5,0,1.0,92.0
Golurk,623,483,89,124,80,55,80,55,ground,ghost,5,0,2.8,330.0
Pawniard,624,340,45,85,70,40,40,60,dark,steel,5,0,0.5,10.2
Bisharp,625,490,65,125,100,60,70,70,dark,steel,5,0,1.6,70.0
Bouffalant,626,490,95,110,95,40,95,55,normal,,5,0,1.6,94.6
Rufflet,627,350,70,83,50,37,50,60,normal,flying,5,0,0.5,10.5
Braviary,628,510,100,123,75,57,75,80,normal,flying,5,0,1.5,41.0
Vullaby,629,370,70,55,75,45,65,60,dark,flying,5,0,0.5,9.0
Mandibuzz,630,510,110,65,105,55,95,80,dark,flying,5,0,1.2,39.5
Heatmor,631,484,85,97,66,105,66,65,fire,,5,0,1.4,58.0
Durant,632,484,58,109,112,48,48,109,bug,steel,5,0,0.3,33.0
Deino,633,300,52,65,50,45,50,38,dark,dragon,5,0,0.8,17.3
Zweilous,634,420,72,85,70,65,70,58,dark,dragon,5,0,1.4,50.0
Hydreigon,635,600,92,105,90,125,90,98,dark,dragon,5,0,1.8,160.0
Larvesta,636,360,55,85,55,50,55,60,bug,fire,5,0,1.1,28.8
Volcarona,637,550,85,60,65,135,105,100,bug,fire,5,0,1.6,46.0
Cobalion,638,580,91,90,129,90,72,108,steel,fighting,5,1,2.1,250.0
Terrakion,639,580,91,129,90,72,90,108,rock,fighting,5,1,1.9,260.0
Virizion,640,580,91,90,72,90,129,108,grass,fighting,5,1,2.0,200.0
Tornadus,641,580,79,115,70,125,80,111,flying,,5,1,1.5,63.0
Thundurus,642,580,79,115,70,125,80,111,electric,flying,5,1,1.5,61.0
Reshiram,643,680,100,120,100,150,120,90,dragon,fire,5,1,3.2,330.0
Zekrom,644,680,100,150,120,120,100,90,dragon,electric,5,1,2.9,345.0
Landorus,645,600,89,125,90,115,80,101,ground,flying,5,1,1.5,68.0
Kyurem,646,660,125,130,90,130,90,95,dragon,ice,5,1,3.0,325.0
Keldeo,647,580,91,72,90,129,90,108,water,fighting,5,1,1.4,48.5
Meloetta,648,600,100,77,77,128,128,90,normal,psychic,5,1,0.6,6.5
Genesect,649,600,71,120,95,120,95,99,bug,steel,5,1,1.5,82.5
Chespin,650,313,56,61,65,48,45,38,grass,,6,0,0.4,9.0
Quilladin,651,405,61,78,95,56,58,57,grass,,6,0,0.7,29.0
Chesnaught,652,530,88,107,122,74,75,64,grass,fighting,6,0,1.6,90.0
Fennekin,653,307,40,45,40,62,60,60,fire,,6,0,0.4,9.4
Braixen,654,409,59,59,58,90,70,73,fire,,6,0,1.0,14.5
Delphox,655,534,75,69,72,114,100,104,fire,psychic,6,0,1.5,39.0
Froakie,656,314,41,56,40,62,44,71,water,,6,0,0.3,7.0
Frogadier,657,405,54,63,52,83,56,97,water,,6,0,0.6,10.9
Greninja,658,530,72,95,67,103,71,122,water,dark,6,0,1.5,40.0
Bunnelby,659,237,38,36,38,32,36,57,normal,,6,0,0.4,5.0
Diggersby,660,423,85,56,77,50,77,78,normal,ground,6,0,1.0,42.4
Fletchling,661,278,45,50,43,40,38,62,normal,flying,6,0,0.3,1.7
Fletchinder,662,382,62,73,55,56,52,84,fire,flying,6,0,0.7,16.0
Talonflame,663,499,78,81,71,74,69,126,fire,flying,6,0,1.2,24.5
Scatterbug,664,200,38,35,40,27,25,35,bug,,6,0,0.3,2.5
Spewpa,665,213,45,22,60,27,30,29,bug,,6,0,0.3,8.4
Vivillon,666,411,80,52,50,90,50,89,bug,flying,6,0,1.2,17.0
Litleo,667,369,62,50,58,73,54,72,fire,normal,6,0,0.6,13.5
Pyroar,668,507,86,68,72,109,66,106,fire,normal,6,0,1.5,81.5
Flabébé,669,303,44,38,39,61,79,42,fairy,,6,0,0.1,0.1
Floette,670,371,54,45,47,75,98,52,fairy,,6,0,0.2,0.9
Florges,671,552,78,65,68,112,154,75,fairy,,6,0,1.1,10.0
Skiddo,672,350,66,65,48,62,57,52,grass,,6,0,0.9,31.0
Gogoat,673,531,123,100,62,97,81,68,grass,,6,0,1.7,91.0
Pancham,674,348,67,82,62,46,48,43,fighting,,6,0,0.6,8.0
Pangoro,675,495,95,124,78,69,71,58,fighting,dark,6,0,2.1,136.0
Furfrou,676,472,75,80,60,65,90,102,normal,,6,0,1.2,28.0
Espurr,677,355,62,48,54,63,60,68,psychic,,6,0,0.3,3.5
Meowstic,678,466,74,48,76,83,81,104,psychic,,6,0,0.6,8.5
Honedge,679,325,45,80,100,35,37,28,steel,ghost,6,0,0.8,2.0
Doublade,680,448,59,110,150,45,49,35,steel,ghost,6,0,0.8,4.5
Aegislash,681,520,60,50,150,50,150,60,steel,ghost,6,0,1.7,53.0
Spritzee,682,341,78,52,60,63,65,23,fairy,,6,0,0.2,0.5
Aromatisse,683,462,101,72,72,99,89,29,fairy,,6,0,0.8,15.5
Swirlix,684,341,62,48,66,59,57,49,fairy,,6,0,0.4,3.5
Slurpuff,685,480,82,80,86,85,75,72,fairy,,6,0,0.8,5.0
Inkay,686,288,53,54,53,37,46,45,dark,psychic,6,0,0.4,3.5
Malamar,687,482,86,92,88,68,75,73,dark,psychic,6,0,1.5,47.0
Binacle,688,306,42,52,67,39,56,50,rock,water,6,0,0.5,31.0
Barbaracle,689,500,72,105,115,54,86,68,rock,water,6,0,1.3,96.0
Skrelp,690,320,50,60,60,60,60,30,poison,water,6,0,0.5,7.3
Dragalge,691,494,65,75,90,97,123,44,poison,dragon,6,0,1.8,81.5
Clauncher,692,330,50,53,62,58,63,44,water,,6,0,0.5,8.3
Clawitzer,693,500,71,73,88,120,89,59,water,,6,0,1.3,35.3
Helioptile,694,289,44,38,33,61,43,70,electric,normal,6,0,0.5,6.0
Heliolisk,695,481,62,55,52,109,94,109,electric,normal,6,0,1.0,21.0
Tyrunt,696,362,58,89,77,45,45,48,rock,dragon,6,0,0.8,26.0
Tyrantrum,697,521,82,121,119,69,59,71,rock,dragon,6,0,2.5,270.0
Amaura,698,362,77,59,50,67,63,46,rock,ice,6,0,1.3,25.2
Aurorus,699,521,123,77,72,99,92,58,rock,ice,6,0,2.7,225.0
Sylveon,700,525,95,65,65,110,130,60,fairy,,6,0,1.0,23.5
Hawlucha,701,500,78,92,75,74,63,118,fighting,flying,6,0,0.8,21.5
Dedenne,702,431,67,58,57,81,67,101,electric,fairy,6,0,0.2,2.2
Carbink,703,500,50,50,150,50,150,50,rock,fairy,6,0,0.3,5.7
Goomy,704,300,45,50,35,55,75,40,dragon,,6,0,0.3,2.8
Sliggoo,705,452,68,75,53,83,113,60,dragon,,6,0,0.8,17.5
Goodra,706,600,90,100,70,110,150,80,dragon,,6,0,2.0,150.5
Klefki,707,470,57,80,91,80,87,75,steel,fairy,6,0,0.2,3.0
Phantump,708,309,43,70,48,50,60,38,ghost,grass,6,0,0.4,7.0
Trevenant,709,474,85,110,76,65,82,56,ghost,grass,6,0,1.5,71.0
Pumpkaboo,710,335,49,66,70,44,55,51,ghost,grass,6,0,0.8,15.0
Gourgeist,711,494,65,90,122,58,75,84,ghost,grass,6,0,1.7,39.0
Bergmite,712,304,55,69,85,32,35,28,ice,,6,0,1.0,99.5
Avalugg,713,514,95,117,184,44,46,28,ice,,6,0,2.0,505.0
Noibat,714,245,40,30,35,45,40,55,flying,dragon,6,0,0.5,8.0
Noivern,715,535,85,70,80,97,80,123,flying,dragon,6,0,1.5,85.0
Xerneas,716,680,126,131,95,131,98,99,fairy,,6,1,3.0,215.0
Yveltal,717,680,126,131,95,131,98,99,dark,flying,6,1,5.8,203.0
Zygarde,718,600,108,100,121,81,95,95,dragon,ground,6,1,5.0,284.6
Diancie,719,600,50,100,150,100,150,50,rock,fairy,6,1,0.7,8.8
Hoopa,720,600,80,110,60,150,130,70,psychic,ghost,6,1,,
Volcanion,721,600,80,110,120,130,90,70,fire,water,6,1,1.7,195.0
Rowlet,722,320,68,55,55,50,50,42,grass,flying,7,0,0.3,1.5
Dartrix,723,420,78,75,75,70,70,52,grass,flying,7,0,0.7,16.0
Decidueye,724,530,78,107,75,100,100,70,grass,ghost,7,0,1.6,36.6
Litten,725,320,45,65,40,60,40,70,fire,,7,0,0.4,4.3
Torracat,726,420,65,85,50,80,50,90,fire,,7,0,0.7,25.0
Incineroar,727,530,95,115,90,80,90,60,fire,dark,7,0,1.8,83.0
Popplio,728,320,50,54,54,66,56,40,water,,7,0,0.4,7.5
Brionne,729,420,60,69,69,91,81,50,water,,7,0,0.6,17.5
Primarina,730,530,80,74,74,126,116,60,water,fairy,7,0,1.8,44.0
Pikipek,731,265,35,75,30,30,30,65,normal,flying,7,0,0.3,1.2
Trumbeak,732,355,55,85,50,40,50,75,normal,flying,7,0,0.6,14.8
Toucannon,733,485,80,120,75,75,75,60,normal,flying,7,0,1.1,26.0
Yungoos,734,253,48,70,30,30,30,45,normal,,7,0,0.4,6.0
Gumshoos,735,418,88,110,60,55,60,45,normal,,7,0,0.7,14.2
Grubbin,736,300,47,62,45,55,45,46,bug,,7,0,0.4,4.4
Charjabug,737,400,57,82,95,55,75,36,bug,electric,7,0,0.5,10.5
Vikavolt,738,500,77,70,90,145,75,43,bug,electric,7,0,1.5,45.0
Crabrawler,739,338,47,82,57,42,47,63,fighting,,7,0,0.6,7.0
Crabominable,740,478,97,132,77,62,67,43,fighting,ice,7,0,1.7,180.0
Oricorio,741,476,75,70,70,98,70,93,fire,flying,7,0,0.6,3.4
Cutiefly,742,304,40,45,40,55,40,84,bug,fairy,7,0,0.1,0.2
Ribombee,743,464,60,55,60,95,70,124,bug,fairy,7,0,0.2,0.5
Rockruff,744,280,45,65,40,30,40,60,rock,,7,0,0.5,9.2
Lycanroc,745,487,75,115,65,55,65,112,rock,,7,0,,
Wishiwashi,746,175,45,20,20,25,25,40,water,,7,0,0.2,0.3
Mareanie,747,305,50,53,62,43,52,45,poison,water,7,0,0.4,8.0
Toxapex,748,495,50,63,152,53,142,35,poison,water,7,0,0.7,14.5
Mudbray,749,385,70,100,70,45,55,45,ground,,7,0,1.0,110.0
Mudsdale,750,500,100,125,100,55,85,35,ground,,7,0,2.5,920.0
Dewpider,751,269,38,40,52,40,72,27,water,bug,7,0,0.3,4.0
Araquanid,752,454,68,70,92,50,132,42,water,bug,7,0,1.8,82.0
Fomantis,753,250,40,55,35,50,35,35,grass,,7,0,0.3,1.5
Lurantis,754,480,70,105,90,80,90,45,grass,,7,0,0.9,18.5
Morelull,755,285,40,35,55,65,75,15,grass,fairy,7,0,0.2,1.5
Shiinotic,756,405,60,45,80,90,100,30,grass,fairy,7,0,1.0,11.5
Salandit,757,320,48,44,40,71,40,77,poison,fire,7,0,0.6,4.8
Salazzle,758,480,68,64,60,111,60,117,poison,fire,7,0,1.2,22.2
Stufful,759,340,70,75,50,45,50,50,normal,fighting,7,0,0.5,6.8
Bewear,760,500,120,125,80,55,60,60,normal,fighting,7,0,2.1,135.0
Bounsweet,761,210,42,30,38,30,38,32,grass,,7,0,0.3,3.2
Steenee,762,290,52,40,48,40,48,62,grass,,7,0,0.7,8.2
Tsareena,763,510,72,120,98,50,98,72,grass,,7,0,1.2,21.4
Comfey,764,485,51,52,90,82,110,100,fairy,,7,0,0.1,0.3
Oranguru,765,490,90,60,80,90,110,60,normal,psychic,7,0,1.5,76.0
Passimian,766,490,100,120,90,40,60,80,fighting,,7,0,2.0,82.8
Wimpod,767,230,25,35,40,20,30,80,bug,water,7,0,0.5,12.0
Golisopod,768,530,75,125,140,60,90,40,bug,water,7,0,2.0,108.0
Sandygast,769,320,55,55,80,70,45,15,ghost,ground,7,0,0.5,70.0
Palossand,770,480,85,75,110,100,75,35,ghost,ground,7,0,1.3,250.0
Pyukumuku,771,410,55,60,130,30,130,5,water,,7,0,0.3,1.2
Type: Null,772,534,95,95,95,95,95,59,normal,,7,0,1.9,120.5
Silvally,773,570,95,95,95,95,95,95,normal,,7,0,2.3,100.5
Minior,774,440,60,60,100,60,100,60,rock,flying,7,0,0.3,40.0
Komala,775,480,65,115,65,75,95,65,normal,,7,0,0.4,19.9
Turtonator,776,485,60,78,135,91,85,36,fire,dragon,7,0,2.0,212.0
Togedemaru,777,435,65,98,63,40,73,96,electric,steel,7,0,0.3,3.3
Mimikyu,778,476,55,90,80,50,105,96,ghost,fairy,7,0,0.2,0.7
Bruxish,779,475,68,105,70,70,70,92,water,psychic,7,0,0.9,19.0
Drampa,780,485,78,60,85,135,91,36,normal,dragon,7,0,3.0,185.0
Dhelmise,781,517,70,131,100,86,90,40,ghost,grass,7,0,3.9,210.0
Jangmo-o,782,300,45,55,65,45,45,45,dragon,,7,0,0.6,29.7
Hakamo-o,783,420,55,75,90,65,70,65,dragon,fighting,7,0,1.2,47.0
Kommo-o,784,600,75,110,125,100,105,85,dragon,fighting,7,0,1.6,78.2
Tapu Koko,785,570,70,115,85,95,75,130,electric,fairy,7,1,1.8,20.5
Tapu Lele,786,570,70,85,75,130,115,95,psychic,fairy,7,1,1.2,18.6
Tapu Bulu,787,570,70,130,115,85,95,75,grass,fairy,7,1,1.9,45.5
Tapu Fini,788,570,70,75,115,95,130,85,water,fairy,7,1,1.3,21.2
Cosmog,789,200,43,29,31,29,31,37,psychic,,7,1,0.2,0.1
Cosmoem,790,400,43,29,131,29,131,37,psychic,,7,1,0.1,999.9
Solgaleo,791,680,137,137,107,113,89,97,psychic,steel,7,1,3.4,230.0
Lunala,792,680,137,113,89,137,107,97,psychic,ghost,7,1,4.0,120.0
Nihilego,793,570,109,53,47,127,131,103,rock,poison,7,1,1.2,55.5
Buzzwole,794,570,107,139,139,53,53,79,bug,fighting,7,1,2.4,333.6
Pheromosa,795,570,71,137,37,137,37,151,bug,fighting,7,1,1.8,25.0
Xurkitree,796,570,83,89,71,173,71,83,electric,,7,1,3.8,100.0
Celesteela,797,570,97,101,103,107,101,61,steel,flying,7,1,9.2,999.9
Kartana,798,570,59,181,131,59,31,109,grass,steel,7,1,0.3,0.1
Guzzlord,799,570,223,101,53,97,53,43,dark,dragon,7,1,5.5,888.0
Necrozma,800,600,97,107,101,127,89,79,psychic,,7,1,2.4,230.0
Magearna,801,600,80,95,115,130,115,65,steel,fairy,7,1,1.0,80.5
